transcript_id,transcript_position,score
tx_id_0,0,0.0043734615
tx_id_0,10,0.39412713
tx_id_0,20,0.32591432
tx_id_0,30,0.64952505
tx_id_0,40,0.022448875
tx_id_0,50,0.015049294
tx_id_0,60,0.0015821559
tx_id_0,70,0.0016370004
tx_id_0,80,0.0012737584
tx_id_0,90,0.0024257519
tx_id_0,100,0.0007729152
tx_id_0,110,0.0012263171
tx_id_0,120,0.10732187
tx_id_0,130,0.0016764187
tx_id_0,140,0.15970871
tx_id_0,150,0.03944888
tx_id_0,160,0.0043798243
tx_id_0,170,0.011564329
tx_id_0,180,0.4943174
tx_id_0,190,0.03466081
tx_id_0,200,0.12092963
tx_id_0,210,0.52870107
tx_id_0,220,0.0482133
tx_id_0,230,0.010536695
tx_id_0,240,0.13551793
tx_id_0,250,0.22428702
tx_id_0,260,0.19346672
tx_id_0,270,0.016703168
tx_id_0,280,0.0020616553
tx_id_0,290,0.0064647547
tx_id_0,300,0.21652344
tx_id_0,310,0.25072956
tx_id_0,320,0.037588723
tx_id_0,330,0.20358916
tx_id_0,340,0.0018015947
tx_id_0,350,0.045168906
tx_id_0,360,0.519264
tx_id_0,370,0.10064134
tx_id_0,380,0.07442765
tx_id_0,390,0.17497669
tx_id_0,400,0.0010011771
tx_id_0,410,0.0014965129
tx_id_0,420,0.0018116385
tx_id_0,430,0.039996337
tx_id_0,440,0.6465234
tx_id_0,450,0.4521656
tx_id_0,460,0.2189915
tx_id_0,470,0.0012718557
tx_id_0,480,0.03330506
tx_id_0,490,0.035299145
tx_id_0,500,0.57684255
tx_id_0,510,0.37603658
tx_id_0,520,0.00552787
tx_id_0,530,0.035354678
tx_id_0,540,0.027466597
tx_id_0,550,0.004396563
tx_id_0,560,0.005773337
tx_id_0,570,0.0017132823
tx_id_0,580,0.014068197
tx_id_0,590,0.00064656616
tx_id_0,600,0.0026250416
tx_id_0,610,0.008546924
tx_id_0,620,0.017059185
tx_id_0,630,0.39000598
tx_id_0,640,0.058290116
tx_id_0,650,0.1734618
tx_id_0,660,0.023142235
tx_id_0,670,0.3093605
tx_id_0,680,0.10362959
tx_id_0,690,0.14051819
tx_id_0,700,0.014229983
tx_id_0,710,0.04458627
tx_id_0,720,0.048019078
tx_id_0,730,0.0017440552
tx_id_0,740,0.06933143
tx_id_0,750,0.064882316
tx_id_0,760,0.044775665
tx_id_0,770,0.009241545
tx_id_0,780,0.30091408
tx_id_0,790,0.6918704
tx_id_0,800,0.13975032
tx_id_0,810,0.034011785
tx_id_0,820,0.0798867
tx_id_0,830,0.0012337492
tx_id_0,840,0.0053300485
tx_id_0,850,0.07607686
tx_id_0,860,0.03889966
tx_id_0,870,0.23739955
tx_id_0,880,0.12745997
tx_id_0,890,0.1314278
tx_id_0,900,0.0019212251
tx_id_0,910,0.0016633612
tx_id_0,920,0.11289247
tx_id_0,930,0.022564474
tx_id_0,940,0.095224395
tx_id_0,950,0.004003184
tx_id_0,960,0.12429279
tx_id_0,970,0.10932219
tx_id_0,980,0.021143507
tx_id_0,990,0.21148184
tx_id_0,1000,0.27765715
tx_id_0,1010,0.28384307
tx_id_0,1020,0.12739019
tx_id_0,1030,0.06069521
tx_id_0,1040,0.1451841
tx_id_0,1050,0.0016693654
tx_id_0,1060,0.2385153
tx_id_0,1070,0.0016799227
tx_id_0,1080,0.11056727
tx_id_0,1090,0.14370082
tx_id_0,1100,0.0018576832
tx_id_0,1110,0.23454261
tx_id_0,1120,0.24130952
tx_id_0,1130,0.077727854
tx_id_0,1140,0.0625118
tx_id_0,1150,0.04724017
tx_id_0,1160,0.11598318
tx_id_0,1170,0.21407412
tx_id_0,1180,0.011123015
tx_id_0,1190,0.12025944
tx_id_0,1200,0.0016098224
tx_id_0,1210,0.16249584
tx_id_0,1220,0.033054188
tx_id_0,1230,0.031799182
tx_id_0,1240,0.00345152
tx_id_0,1250,0.015286891
tx_id_0,1260,0.0016205583
tx_id_0,1270,0.20381126
tx_id_0,1280,0.19286206
tx_id_0,1290,0.017620321
tx_id_0,1300,0.0041608447
tx_id_0,1310,0.49141136
tx_id_0,1320,0.0048149046
tx_id_0,1330,0.048529766
tx_id_0,1340,0.38446295
tx_id_0,1350,0.11703549
tx_id_0,1360,0.023524169
tx_id_0,1370,0.0052156704
tx_id_0,1380,0.5121788
tx_id_0,1390,0.37154442
tx_id_0,1400,0.579985
tx_id_0,1410,0.049958955
tx_id_0,1420,0.38853338
tx_id_0,1430,0.0011763929
tx_id_0,1440,0.103470005
tx_id_0,1450,0.0049124444
tx_id_0,1460,0.07972313
tx_id_0,1470,0.033743683
tx_id_0,1480,0.013270828
tx_id_0,1490,0.03328034
tx_id_0,1500,0.01384117
tx_id_0,1510,0.014270406
tx_id_0,1520,0.39624193
tx_id_0,1530,0.052989826
tx_id_0,1540,0.04788243
tx_id_0,1550,0.15199052
tx_id_0,1560,0.0054660826
tx_id_0,1570,0.0012443953
tx_id_0,1580,0.47066438
tx_id_0,1590,0.42731377
tx_id_0,1600,0.0075608655
tx_id_0,1610,0.33088243
tx_id_0,1620,0.37120986
tx_id_0,1630,0.019902231
tx_id_0,1640,0.09179558
tx_id_0,1650,0.033655446
tx_id_0,1660,0.0142928455
tx_id_0,1670,0.12939195
tx_id_0,1680,0.14866763
tx_id_0,1690,0.0018618522
tx_id_0,1700,0.0014701155
tx_id_0,1710,0.53482336
tx_id_0,1720,0.6085026
tx_id_0,1730,0.042166483
tx_id_0,1740,0.0024096752
tx_id_0,1750,0.49141136
tx_id_0,1760,0.15073481
tx_id_0,1770,0.002822532
tx_id_0,1780,0.0032155549
tx_id_0,1790,0.001119254
tx_id_0,1800,0.0015188132
tx_id_0,1810,0.18133084
tx_id_0,1820,0.09791441
tx_id_0,1830,0.0012185769
tx_id_0,1840,0.015654402
tx_id_0,1850,0.0012633326
tx_id_0,1860,0.71053904
tx_id_0,1870,0.27402905
tx_id_0,1880,0.0021056451
tx_id_1,0,0.0051069967
tx_id_1,10,0.31102225
tx_id_1,20,0.28178728
tx_id_1,30,0.62849814
tx_id_1,40,0.018748365
tx_id_1,50,0.015553225
tx_id_1,60,0.0015955999
tx_id_1,70,0.0015897093
tx_id_1,80,0.0013132365
tx_id_1,90,0.0033930598
tx_id_1,100,0.0007940533
tx_id_1,110,0.0012627321
tx_id_1,120,0.08997023
tx_id_1,130,0.001976314
tx_id_1,140,0.13010013
tx_id_1,150,0.025154905
tx_id_1,160,0.0051982277
tx_id_1,170,0.0118716275
tx_id_1,180,0.46540797
tx_id_1,190,0.03648632
tx_id_1,200,0.09409234
tx_id_1,210,0.52969253
tx_id_1,220,0.05012191
tx_id_1,230,0.011414512
tx_id_1,240,0.10346697
tx_id_1,250,0.20074303
tx_id_1,260,0.13005807
tx_id_1,270,0.017047625
tx_id_1,280,0.0018323943
tx_id_1,290,0.006894194
tx_id_1,300,0.18566969
tx_id_1,310,0.25763345
tx_id_1,320,0.04475322
tx_id_1,330,0.18832797
tx_id_1,340,0.0019272757
tx_id_1,350,0.030309519
tx_id_1,360,0.44532895
tx_id_1,370,0.07277545
tx_id_1,380,0.07332933
tx_id_1,390,0.18760343
tx_id_1,400,0.0010374967
tx_id_1,410,0.0015162295
tx_id_1,420,0.0018190547
tx_id_1,430,0.040434778
tx_id_1,440,0.6391336
tx_id_1,450,0.43272045
tx_id_1,460,0.20512319
tx_id_1,470,0.0012834998
tx_id_1,480,0.033904843
tx_id_1,490,0.030945437
tx_id_1,500,0.5109348
tx_id_1,510,0.31709197
tx_id_1,520,0.005178317
tx_id_1,530,0.030007193
tx_id_1,540,0.02728565
tx_id_1,550,0.0038947598
tx_id_1,560,0.006546747
tx_id_1,570,0.0017450042
tx_id_1,580,0.023944922
tx_id_1,590,0.00073953345
tx_id_1,600,0.0027020292
tx_id_1,610,0.0093661845
tx_id_1,620,0.0137068145
tx_id_1,630,0.32891074
tx_id_1,640,0.045949403
tx_id_1,650,0.16606829
tx_id_1,660,0.025116062
tx_id_1,670,0.23345703
tx_id_1,680,0.09077668
tx_id_1,690,0.10291245
tx_id_1,700,0.0153194545
tx_id_1,710,0.03840722
tx_id_1,720,0.03163686
tx_id_1,730,0.0016981256
tx_id_1,740,0.04965453
tx_id_1,750,0.063373476
tx_id_1,760,0.036762282
tx_id_1,770,0.010277339
tx_id_1,780,0.2719456
tx_id_1,790,0.67600024
tx_id_1,800,0.13292743
tx_id_1,810,0.02882642
tx_id_1,820,0.063864425
tx_id_1,830,0.0012596282
tx_id_1,840,0.0054668733
tx_id_1,850,0.06473009
tx_id_1,860,0.03940646
tx_id_1,870,0.20095874
tx_id_1,880,0.08868177
tx_id_1,890,0.104591005
tx_id_1,900,0.0019323601
tx_id_1,910,0.0017619737
tx_id_1,920,0.09890251
tx_id_1,930,0.021868477
tx_id_1,940,0.09611717
tx_id_1,950,0.0040881415
tx_id_1,960,0.11641805
tx_id_1,970,0.11121033
tx_id_1,980,0.020736096
tx_id_1,990,0.16275467
tx_id_1,1000,0.24587743
tx_id_1,1010,0.2526441
tx_id_1,1020,0.10206097
tx_id_1,1030,0.06229242
tx_id_1,1040,0.12564623
tx_id_1,1050,0.0015963804
tx_id_1,1060,0.18557422
tx_id_1,1070,0.002019405
tx_id_1,1080,0.08035454
tx_id_1,1090,0.15022929
tx_id_1,1100,0.0018353559
tx_id_1,1110,0.18900552
tx_id_1,1120,0.22825156
tx_id_1,1130,0.06026269
tx_id_1,1140,0.05042256
tx_id_1,1150,0.048974246
tx_id_1,1160,0.086290166
tx_id_1,1170,0.2260456
tx_id_1,1180,0.008278571
tx_id_1,1190,0.10813008
tx_id_1,1200,0.0016920721
tx_id_1,1210,0.13704342
tx_id_1,1220,0.023416301
tx_id_1,1230,0.023913832
tx_id_1,1240,0.0034760102
tx_id_1,1250,0.015299831
tx_id_1,1260,0.0016665292
tx_id_1,1270,0.19522469
tx_id_1,1280,0.17393626
tx_id_1,1290,0.018024161
tx_id_1,1300,0.0041587334
tx_id_1,1310,0.38437206
tx_id_1,1320,0.0039140354
tx_id_1,1330,0.050749335
tx_id_1,1340,0.36920527
tx_id_1,1350,0.10610177
tx_id_1,1360,0.00966346
tx_id_1,1370,0.005100968
tx_id_1,1380,0.5167547
tx_id_1,1390,0.3543228
tx_id_1,1400,0.53727067
tx_id_1,1410,0.048323918
tx_id_1,1420,0.3690376
tx_id_1,1430,0.0011815525
tx_id_1,1440,0.07011904
tx_id_1,1450,0.0050913887
tx_id_1,1460,0.086134024
tx_id_1,1470,0.034854874
tx_id_1,1480,0.012692353
tx_id_1,1490,0.035746895
tx_id_1,1500,0.016064594
tx_id_1,1510,0.015103892
tx_id_1,1520,0.4009075
tx_id_1,1530,0.058971845
tx_id_1,1540,0.04441867
tx_id_1,1550,0.11963074
tx_id_1,1560,0.0078048473
tx_id_1,1570,0.0013469689
tx_id_1,1580,0.4195726
tx_id_1,1590,0.39977875
tx_id_1,1600,0.0071197366
tx_id_1,1610,0.31881067
tx_id_1,1620,0.36012512
tx_id_1,1630,0.019522958
tx_id_1,1640,0.07121846
tx_id_1,1650,0.031875677
tx_id_1,1660,0.010788556
tx_id_1,1670,0.112972625
tx_id_1,1680,0.13923761
tx_id_1,1690,0.0019262725
tx_id_1,1700,0.0020795343
tx_id_1,1710,0.45727617
tx_id_1,1720,0.5952758
tx_id_1,1730,0.037822563
tx_id_1,1740,0.0018443292
tx_id_1,1750,0.46222132
tx_id_1,1760,0.14081022
tx_id_1,1770,0.0029269129
tx_id_1,1780,0.0032226315
tx_id_1,1790,0.0010242639
tx_id_1,1800,0.0016590939
tx_id_1,1810,0.1225067
tx_id_1,1820,0.09193411
tx_id_1,1830,0.0012530951
tx_id_1,1840,0.015647138
tx_id_1,1850,0.0016717997
tx_id_1,1860,0.50203127
tx_id_1,1870,0.34204876
tx_id_1,1880,0.0020978265
tx_id_2,0,0.0056551443
tx_id_2,10,0.15640411
tx_id_2,20,0.13538708
tx_id_2,30,0.3047136
tx_id_2,40,0.009212886
tx_id_2,50,0.016212368
tx_id_2,60,0.001682007
tx_id_2,70,0.0018051855
tx_id_2,80,0.0014984893
tx_id_2,90,0.006216315
tx_id_2,100,0.0009254065
tx_id_2,110,0.0015712649
tx_id_2,120,0.06673384
tx_id_2,130,0.0020538892
tx_id_2,140,0.04039614
tx_id_2,150,0.010134352
tx_id_2,160,0.006934355
tx_id_2,170,0.011723593
tx_id_2,180,0.10373229
tx_id_2,190,0.037917905
tx_id_2,200,0.032296862
tx_id_2,210,0.27305844
tx_id_2,220,0.063159935
tx_id_2,230,0.014347586
tx_id_2,240,0.05732444
tx_id_2,250,0.05360442
tx_id_2,260,0.059859645
tx_id_2,270,0.018607149
tx_id_2,280,0.0022412916
tx_id_2,290,0.00802333
tx_id_2,300,0.08275459
tx_id_2,310,0.122215174
tx_id_2,320,0.06595266
tx_id_2,330,0.03623524
tx_id_2,340,0.0017918044
tx_id_2,350,0.012855056
tx_id_2,360,0.2076481
tx_id_2,370,0.033774238
tx_id_2,380,0.07475426
tx_id_2,390,0.07187235
tx_id_2,400,0.0011175249
tx_id_2,410,0.0014951291
tx_id_2,420,0.0017376405
tx_id_2,430,0.04194628
tx_id_2,440,0.49242553
tx_id_2,450,0.1618299
tx_id_2,460,0.103661224
tx_id_2,470,0.0013978465
tx_id_2,480,0.03263411
tx_id_2,490,0.0338635
tx_id_2,500,0.25071776
tx_id_2,510,0.160081
tx_id_2,520,0.0054085515
tx_id_2,530,0.014816836
tx_id_2,540,0.026964033
tx_id_2,550,0.003523256
tx_id_2,560,0.010188044
tx_id_2,570,0.0018242646
tx_id_2,580,0.023447715
tx_id_2,590,0.00075937127
tx_id_2,600,0.0030177415
tx_id_2,610,0.022564054
tx_id_2,620,0.008644215
tx_id_2,630,0.119674556
tx_id_2,640,0.019052897
tx_id_2,650,0.14003636
tx_id_2,660,0.026115052
tx_id_2,670,0.120596476
tx_id_2,680,0.06593947
tx_id_2,690,0.07142869
tx_id_2,700,0.016209494
tx_id_2,710,0.038174693
tx_id_2,720,0.013565939
tx_id_2,730,0.0021908258
tx_id_2,740,0.01958703
tx_id_2,750,0.068639696
tx_id_2,760,0.046031546
tx_id_2,770,0.023165481
tx_id_2,780,0.2174576
tx_id_2,790,0.60841024
tx_id_2,800,0.083331704
tx_id_2,810,0.0076939105
tx_id_2,820,0.027282283
tx_id_2,830,0.0013188607
tx_id_2,840,0.0056553106
tx_id_2,850,0.037989546
tx_id_2,860,0.038423885
tx_id_2,870,0.08429637
tx_id_2,880,0.02526563
tx_id_2,890,0.03634817
tx_id_2,900,0.0019933253
tx_id_2,910,0.002042966
tx_id_2,920,0.046356827
tx_id_2,930,0.019096648
tx_id_2,940,0.09142815
tx_id_2,950,0.0042297854
tx_id_2,960,0.11600357
tx_id_2,970,0.112445004
tx_id_2,980,0.016517995
tx_id_2,990,0.058989547
tx_id_2,1000,0.12204719
tx_id_2,1010,0.10255953
tx_id_2,1020,0.04565508
tx_id_2,1030,0.06230975
tx_id_2,1040,0.06298855
tx_id_2,1050,0.0015904421
tx_id_2,1060,0.08106771
tx_id_2,1070,0.0045618527
tx_id_2,1080,0.03421369
tx_id_2,1090,0.1360319
tx_id_2,1100,0.0019279876
tx_id_2,1110,0.06960454
tx_id_2,1120,0.20486474
tx_id_2,1130,0.02382716
tx_id_2,1140,0.036028232
tx_id_2,1150,0.044699162
tx_id_2,1160,0.028455017
tx_id_2,1170,0.04087999
tx_id_2,1180,0.0038628664
tx_id_2,1190,0.052114986
tx_id_2,1200,0.0021544881
tx_id_2,1210,0.072396606
tx_id_2,1220,0.0047231526
tx_id_2,1230,0.014507874
tx_id_2,1240,0.0036335415
tx_id_2,1250,0.014980289
tx_id_2,1260,0.0015852058
tx_id_2,1270,0.07838608
tx_id_2,1280,0.079725355
tx_id_2,1290,0.019108858
tx_id_2,1300,0.0047834055
tx_id_2,1310,0.21643804
tx_id_2,1320,0.004975575
tx_id_2,1330,0.04618335
tx_id_2,1340,0.15300794
tx_id_2,1350,0.037397254
tx_id_2,1360,0.004408202
tx_id_2,1370,0.0046233106
tx_id_2,1380,0.2563854
tx_id_2,1390,0.27736935
tx_id_2,1400,0.43687996
tx_id_2,1410,0.04501466
tx_id_2,1420,0.32297808
tx_id_2,1430,0.001353305
tx_id_2,1440,0.022228304
tx_id_2,1450,0.005656555
tx_id_2,1460,0.04154719
tx_id_2,1470,0.04555159
tx_id_2,1480,0.011391506
tx_id_2,1490,0.033197388
tx_id_2,1500,0.017426867
tx_id_2,1510,0.015198052
tx_id_2,1520,0.27819648
tx_id_2,1530,0.013062286
tx_id_2,1540,0.054619342
tx_id_2,1550,0.05408407
tx_id_2,1560,0.0141121335
tx_id_2,1570,0.0014730582
tx_id_2,1580,0.17554615
tx_id_2,1590,0.12226831
tx_id_2,1600,0.008684126
tx_id_2,1610,0.32604274
tx_id_2,1620,0.21175247
tx_id_2,1630,0.02678259
tx_id_2,1640,0.025578331
tx_id_2,1650,0.029304268
tx_id_2,1660,0.0029532965
tx_id_2,1670,0.03975982
tx_id_2,1680,0.10768843
tx_id_2,1690,0.0019782542
tx_id_2,1700,0.0079018995
tx_id_2,1710,0.35365823
tx_id_2,1720,0.33657363
tx_id_2,1730,0.006325342
tx_id_2,1740,0.0006208006
tx_id_2,1750,0.2421843
tx_id_2,1760,0.045274504
tx_id_2,1770,0.0028982356
tx_id_2,1780,0.003474598
tx_id_2,1790,0.00038010118
tx_id_2,1800,0.0018123258
tx_id_2,1810,0.059895862
tx_id_2,1820,0.022365438
tx_id_2,1830,0.0014699425
tx_id_2,1840,0.021544153
tx_id_2,1850,0.0023589716
tx_id_2,1860,0.43278432
tx_id_2,1870,0.08917106
tx_id_2,1880,0.002779751
tx_id_3,0,0.005736341
tx_id_3,10,0.117945544
tx_id_3,20,0.11229655
tx_id_3,30,0.23572664
tx_id_3,40,0.00742594
tx_id_3,50,0.015384659
tx_id_3,60,0.001713164
tx_id_3,70,0.0018977688
tx_id_3,80,0.001545228
tx_id_3,90,0.006557319
tx_id_3,100,0.0009651516
tx_id_3,110,0.0016781689
tx_id_3,120,0.055989552
tx_id_3,130,0.0020754593
tx_id_3,140,0.028780827
tx_id_3,150,0.007390064
tx_id_3,160,0.0075210524
tx_id_3,170,0.011398875
tx_id_3,180,0.10782792
tx_id_3,190,0.038223118
tx_id_3,200,0.021942338
tx_id_3,210,0.20683049
tx_id_3,220,0.06447801
tx_id_3,230,0.015229143
tx_id_3,240,0.04990662
tx_id_3,250,0.04039237
tx_id_3,260,0.031886164
tx_id_3,270,0.020475581
tx_id_3,280,0.0031402034
tx_id_3,290,0.0065925443
tx_id_3,300,0.062965766
tx_id_3,310,0.09018527
tx_id_3,320,0.06946489
tx_id_3,330,0.023502372
tx_id_3,340,0.0017191235
tx_id_3,350,0.008010326
tx_id_3,360,0.1566008
tx_id_3,370,0.027880393
tx_id_3,380,0.08048883
tx_id_3,390,0.05383768
tx_id_3,400,0.0011357253
tx_id_3,410,0.0015080093
tx_id_3,420,0.0017074764
tx_id_3,430,0.042413425
tx_id_3,440,0.55893147
tx_id_3,450,0.121302225
tx_id_3,460,0.06346245
tx_id_3,470,0.0013392294
tx_id_3,480,0.031431545
tx_id_3,490,0.031176124
tx_id_3,500,0.2026958
tx_id_3,510,0.13197002
tx_id_3,520,0.005242886
tx_id_3,530,0.012221825
tx_id_3,540,0.02821139
tx_id_3,550,0.003296119
tx_id_3,560,0.010663129
tx_id_3,570,0.0018278917
tx_id_3,580,0.025703507
tx_id_3,590,0.0007857839
tx_id_3,600,0.0030522891
tx_id_3,610,0.021977153
tx_id_3,620,0.0072079143
tx_id_3,630,0.08263215
tx_id_3,640,0.013931453
tx_id_3,650,0.1502062
tx_id_3,660,0.021086942
tx_id_3,670,0.098774455
tx_id_3,680,0.04282159
tx_id_3,690,0.046014015
tx_id_3,700,0.018073434
tx_id_3,710,0.038820483
tx_id_3,720,0.012224711
tx_id_3,730,0.0020618967
tx_id_3,740,0.014200601
tx_id_3,750,0.06420099
tx_id_3,760,0.04240595
tx_id_3,770,0.020728063
tx_id_3,780,0.1995421
tx_id_3,790,0.5387964
tx_id_3,800,0.06021162
tx_id_3,810,0.006317073
tx_id_3,820,0.014223268
tx_id_3,830,0.00128937
tx_id_3,840,0.005924112
tx_id_3,850,0.036408655
tx_id_3,860,0.051258024
tx_id_3,870,0.07010011
tx_id_3,880,0.018962227
tx_id_3,890,0.027247576
tx_id_3,900,0.0020472275
tx_id_3,910,0.001968969
tx_id_3,920,0.029870225
tx_id_3,930,0.016974358
tx_id_3,940,0.09716206
tx_id_3,950,0.0039802655
tx_id_3,960,0.10662456
tx_id_3,970,0.1197121
tx_id_3,980,0.01702775
tx_id_3,990,0.047238242
tx_id_3,1000,0.115170725
tx_id_3,1010,0.074783206
tx_id_3,1020,0.033634044
tx_id_3,1030,0.061542314
tx_id_3,1040,0.05401598
tx_id_3,1050,0.0017028772
tx_id_3,1060,0.067065865
tx_id_3,1070,0.0051474213
tx_id_3,1080,0.024035705
tx_id_3,1090,0.13295549
tx_id_3,1100,0.0020191474
tx_id_3,1110,0.050710253
tx_id_3,1120,0.18560319
tx_id_3,1130,0.019714797
tx_id_3,1140,0.009501488
tx_id_3,1150,0.04749506
tx_id_3,1160,0.02042799
tx_id_3,1170,0.035237126
tx_id_3,1180,0.0031557113
tx_id_3,1190,0.05126365
tx_id_3,1200,0.0021345904
tx_id_3,1210,0.06250046
tx_id_3,1220,0.0034332045
tx_id_3,1230,0.0113372095
tx_id_3,1240,0.00361528
tx_id_3,1250,0.015728375
tx_id_3,1260,0.001524756
tx_id_3,1270,0.036736995
tx_id_3,1280,0.045354728
tx_id_3,1290,0.017643943
tx_id_3,1300,0.0044848793
tx_id_3,1310,0.2170293
tx_id_3,1320,0.0052949386
tx_id_3,1330,0.04815253
tx_id_3,1340,0.111932516
tx_id_3,1350,0.031164486
tx_id_3,1360,0.0032395537
tx_id_3,1370,0.004810565
tx_id_3,1380,0.13569064
tx_id_3,1390,0.26347613
tx_id_3,1400,0.52304024
tx_id_3,1410,0.047852553
tx_id_3,1420,0.2997926
tx_id_3,1430,0.0014660953
tx_id_3,1440,0.020894881
tx_id_3,1450,0.00526437
tx_id_3,1460,0.033584807
tx_id_3,1470,0.046074912
tx_id_3,1480,0.010207541
tx_id_3,1490,0.035229057
tx_id_3,1500,0.015487971
tx_id_3,1510,0.015133493
tx_id_3,1520,0.1457087
tx_id_3,1530,0.009148419
tx_id_3,1540,0.05575761
tx_id_3,1550,0.039909855
tx_id_3,1560,0.014394981
tx_id_3,1570,0.0014744421
tx_id_3,1580,0.14768957
tx_id_3,1590,0.07132616
tx_id_3,1600,0.009099356
tx_id_3,1610,0.3147639
tx_id_3,1620,0.16216195
tx_id_3,1630,0.03645832
tx_id_3,1640,0.020082925
tx_id_3,1650,0.025302812
tx_id_3,1660,0.0028182904
tx_id_3,1670,0.027797721
tx_id_3,1680,0.10610227
tx_id_3,1690,0.002180682
tx_id_3,1700,0.008480768
tx_id_3,1710,0.23869643
tx_id_3,1720,0.32584438
tx_id_3,1730,0.0043086447
tx_id_3,1740,0.00077047234
tx_id_3,1750,0.18405114
tx_id_3,1760,0.037792318
tx_id_3,1770,0.0028808068
tx_id_3,1780,0.0031805057
tx_id_3,1790,0.0001763724
tx_id_3,1800,0.0014771493
tx_id_3,1810,0.05116041
tx_id_3,1820,0.014530962
tx_id_3,1830,0.0015109256
tx_id_3,1840,0.018742278
tx_id_3,1850,0.00238465
tx_id_3,1860,0.35253534
tx_id_3,1870,0.07191793
tx_id_3,1880,0.003658925
tx_id_4,0,0.006302964
tx_id_4,10,0.0462933
tx_id_4,20,0.04966487
tx_id_4,30,0.06759844
tx_id_4,40,0.003871906
tx_id_4,50,0.015575252
tx_id_4,60,0.001819504
tx_id_4,70,0.0021920353
tx_id_4,80,0.0017659098
tx_id_4,90,0.007824528
tx_id_4,100,0.001102641
tx_id_4,110,0.0020810526
tx_id_4,120,0.029634098
tx_id_4,130,0.0023089051
tx_id_4,140,0.010578685
tx_id_4,150,0.0023935873
tx_id_4,160,0.008442137
tx_id_4,170,0.010940773
tx_id_4,180,0.029630654
tx_id_4,190,0.03537105
tx_id_4,200,0.0058882767
tx_id_4,210,0.045115814
tx_id_4,220,0.06776283
tx_id_4,230,0.018596442
tx_id_4,240,0.029061552
tx_id_4,250,0.01753319
tx_id_4,260,0.018098628
tx_id_4,270,0.02346282
tx_id_4,280,0.0031742563
tx_id_4,290,0.007059957
tx_id_4,300,0.017056817
tx_id_4,310,0.044413652
tx_id_4,320,0.07511786
tx_id_4,330,0.0012732684
tx_id_4,340,0.0015983789
tx_id_4,350,0.0017218161
tx_id_4,360,0.05138912
tx_id_4,370,0.010477626
tx_id_4,380,0.07671301
tx_id_4,390,0.02085889
tx_id_4,400,0.0012450159
tx_id_4,410,0.0014095971
tx_id_4,420,0.0017276264
tx_id_4,430,0.043850847
tx_id_4,440,0.15504557
tx_id_4,450,0.036067843
tx_id_4,460,0.010704236
tx_id_4,470,0.0013368425
tx_id_4,480,0.03170498
tx_id_4,490,0.029265067
tx_id_4,500,0.066645645
tx_id_4,510,0.056165628
tx_id_4,520,0.0056909723
tx_id_4,530,0.0057625407
tx_id_4,540,0.027109407
tx_id_4,550,0.002590527
tx_id_4,560,0.014138124
tx_id_4,570,0.0019071101
tx_id_4,580,0.027547037
tx_id_4,590,0.0008961773
tx_id_4,600,0.003139475
tx_id_4,610,0.034304433
tx_id_4,620,0.003905194
tx_id_4,630,0.028153548
tx_id_4,640,0.005902722
tx_id_4,650,0.1121689
tx_id_4,660,0.02197477
tx_id_4,670,0.041740656
tx_id_4,680,0.020117436
tx_id_4,690,0.030299114
tx_id_4,700,0.017243942
tx_id_4,710,0.034401905
tx_id_4,720,0.00472465
tx_id_4,730,0.0022360638
tx_id_4,740,0.0038554752
tx_id_4,750,0.058829535
tx_id_4,760,0.042517398
tx_id_4,770,0.030196918
tx_id_4,780,0.064476356
tx_id_4,790,0.23855676
tx_id_4,800,0.017560266
tx_id_4,810,0.0015754139
tx_id_4,820,0.003802153
tx_id_4,830,0.0013924363
tx_id_4,840,0.0060653132
tx_id_4,850,0.017870467
tx_id_4,860,0.04028498
tx_id_4,870,0.023701297
tx_id_4,880,0.004669566
tx_id_4,890,0.008595285
tx_id_4,900,0.0021414482
tx_id_4,910,0.002339547
tx_id_4,920,0.020910246
tx_id_4,930,0.018126478
tx_id_4,940,0.098129325
tx_id_4,950,0.004586112
tx_id_4,960,0.11444378
tx_id_4,970,0.1141543
tx_id_4,980,0.017705057
tx_id_4,990,0.017803865
tx_id_4,1000,0.057905484
tx_id_4,1010,0.018200152
tx_id_4,1020,0.010360825
tx_id_4,1030,0.057531428
tx_id_4,1040,0.02767813
tx_id_4,1050,0.0017352493
tx_id_4,1060,0.029365715
tx_id_4,1070,0.013871264
tx_id_4,1080,0.009972166
tx_id_4,1090,0.12246313
tx_id_4,1100,0.002349205
tx_id_4,1110,0.015620572
tx_id_4,1120,0.14676023
tx_id_4,1130,0.0074020186
tx_id_4,1140,0.0054262667
tx_id_4,1150,0.04946891
tx_id_4,1160,0.0055445773
tx_id_4,1170,0.0090526715
tx_id_4,1180,0.0013552242
tx_id_4,1190,0.018232184
tx_id_4,1200,0.0029727193
tx_id_4,1210,0.031498995
tx_id_4,1220,0.00057860056
tx_id_4,1230,0.005366833
tx_id_4,1240,0.003902363
tx_id_4,1250,0.0151790455
tx_id_4,1260,0.0012773363
tx_id_4,1270,0.012410903
tx_id_4,1280,0.006370744
tx_id_4,1290,0.016778983
tx_id_4,1300,0.0046929945
tx_id_4,1310,0.0838317
tx_id_4,1320,0.0048763086
tx_id_4,1330,0.04230578
tx_id_4,1340,0.04783004
tx_id_4,1350,0.010875463
tx_id_4,1360,0.0009093336
tx_id_4,1370,0.0047678314
tx_id_4,1380,0.045191504
tx_id_4,1390,0.10235256
tx_id_4,1400,0.5338201
tx_id_4,1410,0.04127331
tx_id_4,1420,0.143612
tx_id_4,1430,0.0014843364
tx_id_4,1440,0.008393533
tx_id_4,1450,0.0064945365
tx_id_4,1460,0.0134028895
tx_id_4,1470,0.055409014
tx_id_4,1480,0.009055919
tx_id_4,1490,0.042082097
tx_id_4,1500,0.015685499
tx_id_4,1510,0.015961975
tx_id_4,1520,0.019830879
tx_id_4,1530,0.0029234346
tx_id_4,1540,0.06907722
tx_id_4,1550,0.015966589
tx_id_4,1560,0.017586874
tx_id_4,1570,0.002042098
tx_id_4,1580,0.052238338
tx_id_4,1590,0.014872763
tx_id_4,1600,0.010458126
tx_id_4,1610,0.17966364
tx_id_4,1620,0.08482755
tx_id_4,1630,0.040449414
tx_id_4,1640,0.0060058045
tx_id_4,1650,0.022233704
tx_id_4,1660,0.00093648984
tx_id_4,1670,0.005490308
tx_id_4,1680,0.07721736
tx_id_4,1690,0.0029317662
tx_id_4,1700,0.013554681
tx_id_4,1710,0.086197816
tx_id_4,1720,0.06553158
tx_id_4,1730,0.00078323804
tx_id_4,1740,0.00025106085
tx_id_4,1750,0.076867394
tx_id_4,1760,0.014536926
tx_id_4,1770,0.0035701985
tx_id_4,1780,0.0026418413
tx_id_4,1790,0.00014035052
tx_id_4,1800,0.002239474
tx_id_4,1810,0.014554307
tx_id_4,1820,0.007250391
tx_id_4,1830,0.0020098381
tx_id_4,1840,0.02573412
tx_id_4,1850,0.0035593722
tx_id_4,1860,0.051738087
tx_id_4,1870,0.0237192
tx_id_4,1880,0.0050299386
tx_id_5,0,0.0067185424
tx_id_5,10,0.013138911
tx_id_5,20,0.018675156
tx_id_5,30,0.015314463
tx_id_5,40,0.0016825949
tx_id_5,50,0.016029289
tx_id_5,60,0.001944061
tx_id_5,70,0.0027165636
tx_id_5,80,0.0021340237
tx_id_5,90,0.007861685
tx_id_5,100,0.0013367954
tx_id_5,110,0.0025218271
tx_id_5,120,0.015364837
tx_id_5,130,0.0024605107
tx_id_5,140,0.0024065261
tx_id_5,150,0.00055603136
tx_id_5,160,0.009028296
tx_id_5,170,0.01027874
tx_id_5,180,0.004033834
tx_id_5,190,0.03646659
tx_id_5,200,0.0011551887
tx_id_5,210,0.006397708
tx_id_5,220,0.07205425
tx_id_5,230,0.019185368
tx_id_5,240,0.014965196
tx_id_5,250,0.0031584003
tx_id_5,260,0.0020551875
tx_id_5,270,0.027494632
tx_id_5,280,0.0028692752
tx_id_5,290,0.00730635
tx_id_5,300,0.0034613947
tx_id_5,310,0.016862897
tx_id_5,320,0.0718665
tx_id_5,330,0.00020596046
tx_id_5,340,0.0014344383
tx_id_5,350,0.0002811846
tx_id_5,360,0.00967229
tx_id_5,370,0.0038074213
tx_id_5,380,0.079124145
tx_id_5,390,0.006639222
tx_id_5,400,0.0013482285
tx_id_5,410,0.0015698912
tx_id_5,420,0.0018182807
tx_id_5,430,0.04705403
tx_id_5,440,0.013707214
tx_id_5,450,0.0068458878
tx_id_5,460,0.0014695498
tx_id_5,470,0.0013612651
tx_id_5,480,0.033210743
tx_id_5,490,0.028374715
tx_id_5,500,0.016182166
tx_id_5,510,0.017667107
tx_id_5,520,0.00555961
tx_id_5,530,0.0022454145
tx_id_5,540,0.02780026
tx_id_5,550,0.001773795
tx_id_5,560,0.014747544
tx_id_5,570,0.00200551
tx_id_5,580,0.02607549
tx_id_5,590,0.0010059131
tx_id_5,600,0.0033317253
tx_id_5,610,0.034881473
tx_id_5,620,0.0018007734
tx_id_5,630,0.002847409
tx_id_5,640,0.0016356831
tx_id_5,650,0.09681715
tx_id_5,660,0.02330048
tx_id_5,670,0.01049991
tx_id_5,680,0.007722775
tx_id_5,690,0.012817545
tx_id_5,700,0.021295639
tx_id_5,710,0.030162409
tx_id_5,720,0.0016997285
tx_id_5,730,0.0025173451
tx_id_5,740,0.00041500153
tx_id_5,750,0.05175596
tx_id_5,760,0.04131422
tx_id_5,770,0.05517027
tx_id_5,780,0.004670493
tx_id_5,790,0.03014463
tx_id_5,800,0.00407962
tx_id_5,810,0.00027463815
tx_id_5,820,0.00091473747
tx_id_5,830,0.0014592258
tx_id_5,840,0.0061166063
tx_id_5,850,0.008976745
tx_id_5,860,0.042900678
tx_id_5,870,0.00508347
tx_id_5,880,0.00068663195
tx_id_5,890,0.0036651953
tx_id_5,900,0.002395623
tx_id_5,910,0.0026481182
tx_id_5,920,0.008840166
tx_id_5,930,0.01212531
tx_id_5,940,0.098856665
tx_id_5,950,0.004827925
tx_id_5,960,0.08178618
tx_id_5,970,0.10553494
tx_id_5,980,0.013516976
tx_id_5,990,0.004637792
tx_id_5,1000,0.018897476
tx_id_5,1010,0.0049598133
tx_id_5,1020,0.0022574563
tx_id_5,1030,0.053214096
tx_id_5,1040,0.016017037
tx_id_5,1050,0.0017326996
tx_id_5,1060,0.007598042
tx_id_5,1070,0.015160053
tx_id_5,1080,0.002008291
tx_id_5,1090,0.10928119
tx_id_5,1100,0.0021625524
tx_id_5,1110,0.004003589
tx_id_5,1120,0.11353508
tx_id_5,1130,0.0013092072
tx_id_5,1140,0.00095129124
tx_id_5,1150,0.0501109
tx_id_5,1160,0.001198
tx_id_5,1170,0.0015627168
tx_id_5,1180,0.00059022306
tx_id_5,1190,0.0072777653
tx_id_5,1200,0.0037607232
tx_id_5,1210,0.012689151
tx_id_5,1220,8.4690866e-05
tx_id_5,1230,0.0023713151
tx_id_5,1240,0.004166094
tx_id_5,1250,0.017628724
tx_id_5,1260,0.0014849739
tx_id_5,1270,0.002959315
tx_id_5,1280,0.0010461296
tx_id_5,1290,0.017082995
tx_id_5,1300,0.0050377864
tx_id_5,1310,0.03272997
tx_id_5,1320,0.0050737527
tx_id_5,1330,0.043257587
tx_id_5,1340,0.013118431
tx_id_5,1350,0.003075943
tx_id_5,1360,0.00016747092
tx_id_5,1370,0.003661523
tx_id_5,1380,0.006468998
tx_id_5,1390,0.011714458
tx_id_5,1400,0.5404377
tx_id_5,1410,0.03638892
tx_id_5,1420,0.05337995
tx_id_5,1430,0.0017215442
tx_id_5,1440,0.0021795076
tx_id_5,1450,0.007247152
tx_id_5,1460,0.00436737
tx_id_5,1470,0.07349061
tx_id_5,1480,0.007835786
tx_id_5,1490,0.03262997
tx_id_5,1500,0.016376665
tx_id_5,1510,0.017513856
tx_id_5,1520,0.0006959706
tx_id_5,1530,0.0004873296
tx_id_5,1540,0.066649325
tx_id_5,1550,0.0047910456
tx_id_5,1560,0.019717764
tx_id_5,1570,0.0019123245
tx_id_5,1580,0.009954585
tx_id_5,1590,0.0017303737
tx_id_5,1600,0.013840062
tx_id_5,1610,0.024662193
tx_id_5,1620,0.0340455
tx_id_5,1630,0.039999314
tx_id_5,1640,0.0018701081
tx_id_5,1650,0.023396766
tx_id_5,1660,0.00019182086
tx_id_5,1670,0.0008526503
tx_id_5,1680,0.055384446
tx_id_5,1690,0.0032434051
tx_id_5,1700,0.017104514
tx_id_5,1710,0.030024257
tx_id_5,1720,0.0064662616
tx_id_5,1730,7.246113e-05
tx_id_5,1740,0.00012257238
tx_id_5,1750,0.01816902
tx_id_5,1760,0.0038878913
tx_id_5,1770,0.003212831
tx_id_5,1780,0.0025127348
tx_id_5,1790,4.3422893e-05
tx_id_5,1800,0.0026183955
tx_id_5,1810,0.002835377
tx_id_5,1820,0.0020285656
tx_id_5,1830,0.0018929472
tx_id_5,1840,0.026000446
tx_id_5,1850,0.0041090297
tx_id_5,1860,0.017469227
tx_id_5,1870,0.0037590014
tx_id_5,1880,0.008199698
tx_id_6,0,0.007620334
tx_id_6,10,0.0025354682
tx_id_6,20,0.0063145473
tx_id_6,30,0.0031885963
tx_id_6,40,0.0005612096
tx_id_6,50,0.016631395
tx_id_6,60,0.0020838026
tx_id_6,70,0.0031237553
tx_id_6,80,0.0023534144
tx_id_6,90,0.011125029
tx_id_6,100,0.0017542378
tx_id_6,110,0.0033237813
tx_id_6,120,0.006178919
tx_id_6,130,0.0027596266
tx_id_6,140,0.0006268752
tx_id_6,150,0.00014948477
tx_id_6,160,0.012047655
tx_id_6,170,0.009816127
tx_id_6,180,0.00046824705
tx_id_6,190,0.04099599
tx_id_6,200,0.00028990812
tx_id_6,210,0.0008755653
tx_id_6,220,0.072148345
tx_id_6,230,0.01888077
tx_id_6,240,0.00793891
tx_id_6,250,0.0005366502
tx_id_6,260,0.00023898903
tx_id_6,270,0.0342384
tx_id_6,280,0.002721437
tx_id_6,290,0.0069017005
tx_id_6,300,0.0008346412
tx_id_6,310,0.0059884735
tx_id_6,320,0.07419104
tx_id_6,330,1.2771459e-05
tx_id_6,340,0.0014330073
tx_id_6,350,3.706046e-05
tx_id_6,360,0.0019153921
tx_id_6,370,0.0010423949
tx_id_6,380,0.077600636
tx_id_6,390,0.0021792164
tx_id_6,400,0.0016387423
tx_id_6,410,0.0014975672
tx_id_6,420,0.001657556
tx_id_6,430,0.05044332
tx_id_6,440,0.0008940391
tx_id_6,450,0.0009192502
tx_id_6,460,0.00016817982
tx_id_6,470,0.0013793296
tx_id_6,480,0.030180212
tx_id_6,490,0.02642444
tx_id_6,500,0.002732232
tx_id_6,510,0.0054597226
tx_id_6,520,0.005227713
tx_id_6,530,0.00092829333
tx_id_6,540,0.027595837
tx_id_6,550,0.0017303406
tx_id_6,560,0.017074022
tx_id_6,570,0.0020623028
tx_id_6,580,0.027177103
tx_id_6,590,0.0011246154
tx_id_6,600,0.0035834834
tx_id_6,610,0.027576158
tx_id_6,620,0.0007293306
tx_id_6,630,0.0012855123
tx_id_6,640,0.00040741483
tx_id_6,650,0.069580905
tx_id_6,660,0.020899346
tx_id_6,670,0.002797755
tx_id_6,680,0.0030405498
tx_id_6,690,0.004998956
tx_id_6,700,0.018288834
tx_id_6,710,0.025733257
tx_id_6,720,0.0004971317
tx_id_6,730,0.002665013
tx_id_6,740,8.383919e-05
tx_id_6,750,0.039612137
tx_id_6,760,0.043081284
tx_id_6,770,0.086022615
tx_id_6,780,0.00039149073
tx_id_6,790,0.0025765367
tx_id_6,800,0.00089641305
tx_id_6,810,5.3698932e-05
tx_id_6,820,0.00016789799
tx_id_6,830,0.0015455716
tx_id_6,840,0.006750726
tx_id_6,850,0.0045412784
tx_id_6,860,0.041894898
tx_id_6,870,0.0011608
tx_id_6,880,9.983831e-05
tx_id_6,890,0.00034716673
tx_id_6,900,0.002517992
tx_id_6,910,0.0029433891
tx_id_6,920,0.0034436174
tx_id_6,930,0.010223379
tx_id_6,940,0.097529694
tx_id_6,950,0.0052185655
tx_id_6,960,0.07543415
tx_id_6,970,0.10276773
tx_id_6,980,0.009584262
tx_id_6,990,0.0012053859
tx_id_6,1000,0.007713007
tx_id_6,1010,0.0012490787
tx_id_6,1020,0.000518822
tx_id_6,1030,0.050789665
tx_id_6,1040,0.0046861595
tx_id_6,1050,0.0017739977
tx_id_6,1060,0.0016349124
tx_id_6,1070,0.012990559
tx_id_6,1080,0.0004823127
tx_id_6,1090,0.093379855
tx_id_6,1100,0.0023080397
tx_id_6,1110,0.0006304399
tx_id_6,1120,0.07772673
tx_id_6,1130,0.0003838745
tx_id_6,1140,0.00021627126
tx_id_6,1150,0.04881822
tx_id_6,1160,0.00024057222
tx_id_6,1170,0.0003006152
tx_id_6,1180,0.00014833792
tx_id_6,1190,0.002850514
tx_id_6,1200,0.0054061664
tx_id_6,1210,0.005125508
tx_id_6,1220,9.350107e-06
tx_id_6,1230,0.0009333396
tx_id_6,1240,0.004532412
tx_id_6,1250,0.01717436
tx_id_6,1260,0.001338822
tx_id_6,1270,0.00043253764
tx_id_6,1280,5.288007e-05
tx_id_6,1290,0.015615998
tx_id_6,1300,0.0050578048
tx_id_6,1310,0.0051618316
tx_id_6,1320,0.0050859787
tx_id_6,1330,0.03885165
tx_id_6,1340,0.0028923438
tx_id_6,1350,0.00072625664
tx_id_6,1360,2.9884597e-05
tx_id_6,1370,0.0033616258
tx_id_6,1380,0.0009815561
tx_id_6,1390,0.0011777019
tx_id_6,1400,0.44183412
tx_id_6,1410,0.030280992
tx_id_6,1420,0.011050862
tx_id_6,1430,0.0020276797
tx_id_6,1440,0.0006466179
tx_id_6,1450,0.008466209
tx_id_6,1460,0.0014790581
tx_id_6,1470,0.08091387
tx_id_6,1480,0.0063227355
tx_id_6,1490,0.03302644
tx_id_6,1500,0.013386229
tx_id_6,1510,0.02054985
tx_id_6,1520,3.1276955e-05
tx_id_6,1530,0.000115715695
tx_id_6,1540,0.07346787
tx_id_6,1550,0.0011746449
tx_id_6,1560,0.018541222
tx_id_6,1570,0.0019931602
tx_id_6,1580,0.0015671006
tx_id_6,1590,0.00019444106
tx_id_6,1600,0.016211152
tx_id_6,1610,0.0018969552
tx_id_6,1620,0.012325978
tx_id_6,1630,0.035842538
tx_id_6,1640,0.0003461224
tx_id_6,1650,0.014290845
tx_id_6,1660,3.4294808e-05
tx_id_6,1670,0.00011697922
tx_id_6,1680,0.03945786
tx_id_6,1690,0.004013067
tx_id_6,1700,0.021369966
tx_id_6,1710,0.00725529
tx_id_6,1720,0.0007453589
tx_id_6,1730,7.954407e-06
tx_id_6,1740,2.9572966e-05
tx_id_6,1750,0.005271508
tx_id_6,1760,0.0012849786
tx_id_6,1770,0.0033804048
tx_id_6,1780,0.002522114
tx_id_6,1790,1.7585628e-05
tx_id_6,1800,0.0031872354
tx_id_6,1810,0.00067108497
tx_id_6,1820,0.00027302862
tx_id_6,1830,0.0021567137
tx_id_6,1840,0.030541686
tx_id_6,1850,0.0048679304
tx_id_6,1860,0.0015561123
tx_id_6,1870,0.001161343
tx_id_6,1880,0.009604213
